label1,label2,cooccurrence_count,label1_count,label2_count,p_label2_given_label1,p_label1_given_label2,lift,pmi
admiration,love,5,358,224,0.013966480446927373,0.022321428571428572,0.14907970869912213,-1.9032741583633148
admiration,gratitude,2,358,305,0.00558659217877095,0.006557377049180328,0.04379521934243063,-3.128230614989842
admiration,surprise,1,358,13,0.002793296089385475,0.07692307692307693,0.5137516115169746,-0.6660153764039125
