metric,model_a_value,model_b_mean,model_b_std,model_b_ci_lower,model_b_ci_upper,delta,percent_change,p_value_twotail,p_value_greater,cohens_d,n_seeds
auc_macro,0.829422,0.737707,0.006286,0.731360,0.743930,-0.091715,-11.057697,0.000000,0.000000,-14.590562,3
auc_micro,0.904548,0.877513,0.003225,0.874270,0.880720,-0.027034,-2.988707,0.000000,0.000000,-8.382315,3
f1_macro,0.159989,0.085577,0.002214,0.083640,0.087990,-0.074412,-46.510933,0.000000,0.000000,-33.612558,3
f1_micro,0.400092,0.343737,0.006126,0.337680,0.349930,-0.056355,-14.085520,0.000000,0.000000,-9.199098,3
precision_macro,0.269098,0.135090,0.003683,0.132010,0.139170,-0.134008,-49.799036,0.000000,0.000000,-36.383106,3
recall_macro,0.136659,0.062563,0.001099,0.061580,0.063750,-0.074095,-54.219317,0.000000,0.000000,-67.408746,3
